Username,Password
admin,admin123
user1234,P@ssw0rd123
testuser1,SecurePwd567
sample_user2,RandomPass!23
demo_account3,Testing123!
example_user4,StrongPass456
user_5678,AccessPass789
new_user9,NewPassword123
sample1234,SamplePass!@#
testaccount5,TestPass123$
random_user6,RandomPwd!@#
demo_user7,DemoPass123$
example123,ExamplePwd!@#
user_8901,UserPass1234
test12345,TestPwd!@#$
sample_account8,Sample1234$
user_test10,UserTest1234$
newaccount11,NewAccount123
example_user12,Example1234$
user789,User789Pass
testaccount13,TestAccount456
randomuser14,RandomUser789
user123,pswd123
demo_user15,DemoUser123
example456,Example456Pass
user_test16,UserTestPass
new_user17,NewUserPass
test1234,Test1234Pass
sample_user18,SampleUserPass
random_account19,RandomAccount123
demo1234,Demo1234Pass
example_user20,ExampleUser123
